Company_Code,Company_Name,Metric_Category,Metric_Name,Metric_Value,Unit,Page_Number,Verified,Extraction_Method,Confidence_Score,Validation_Status,Needs_Manual_Review,Extraction_Date,Notes
TCS,Tata Consultancy Services,Environmental,Total Energy Consumption,2630.0,GWh,10.0,Auto-extracted,table,0.9,Valid,False,2026-09-02,Method: table; Keyword: energy consumption; Within expected range
TCS,Tata Consultancy Services,Environmental,Renewable Energy Percentage,79.0,%,6.0,Auto-extracted,keyword_context,0.75,Valid,False,2026-09-02,Method: keyword_context; Keyword: renewable energy; Within expected range
TCS,Tata Consultancy Services,Environmental,Total Water Consumption,2871784.0,KL,25.0,Auto-extracted,table,0.9,Valid,False,2026-09-02,Method: table; Keyword: water consumption; Within expected range
TCS,Tata Consultancy Services,Environmental,Water Recycled Percentage,,%,,Not found,not_found,0.2,Not Found,True,2026-09-02,Not found in PDF. Check manually.
TCS,Tata Consultancy Services,Environmental,Total Waste Generated,48.1,MT,29.0,Auto-extracted,table,0.9,Valid,False,2026-09-02,Method: table; Keyword: hazardous waste; Within expected range
TCS,Tata Consultancy Services,Environmental,Waste Recycled Percentage,56.0,%,11.0,Auto-extracted,text_window,0.6,Valid,False,2026-09-02,Method: text_window; Keyword: recycling; Within expected range
TCS,Tata Consultancy Services,Social,Total Employees,3.0,Count,4.0,Auto-extracted (Needs Review),table,0.55,Outlier/Suspect,True,2026-09-02,Outside expected bounds 100-10000000; Method: table; Keyword: total employees
TCS,Tata Consultancy Services,Social,Female Employee Percentage,0.06,%,22.0,Auto-extracted (Needs Review),keyword_context,0.4,Outlier/Suspect,True,2026-09-02,"Very low value, verify manually; Method: keyword_context; Keyword: female employees"
TCS,Tata Consultancy Services,Social,Employee Turnover Rate,1.0,%,10.0,Auto-extracted,table,0.9,Valid,False,2026-09-02,Method: table; Keyword: turnover; Within expected range
TCS,Tata Consultancy Services,Social,Training Hours per Employee,,Hours,,Not found,not_found,0.2,Not Found,True,2026-09-02,Not found in PDF. Check manually.
TCS,Tata Consultancy Services,Social,Health and Safety Incidents,2025.0,Count,16.0,Auto-extracted,keyword_context,0.75,Valid,False,2026-09-02,Method: keyword_context; Keyword: lost time injury; Within expected range
TCS,Tata Consultancy Services,Social,CSR Expenditure,,Crores INR,,Not found,not_found,0.2,Not Found,True,2026-09-02,Not found in PDF. Check manually.
TCS,Tata Consultancy Services,Governance,Board Size,8.0,Count,4.0,Auto-extracted,table,0.9,Valid,False,2026-09-02,Method: table; Keyword: board of directors; Within expected range
TCS,Tata Consultancy Services,Governance,Independent Directors Percentage,,%,,Not found,not_found,0.2,Not Found,True,2026-09-02,Not found in PDF. Check manually.
TCS,Tata Consultancy Services,Governance,Female Directors Percentage,,%,,Not found,not_found,0.2,Not Found,True,2026-09-02,Not found in PDF. Check manually.
TCS,Tata Consultancy Services,Governance,Board Meeting Frequency,,Count,,Not found,not_found,0.2,Not Found,True,2026-09-02,Not found in PDF. Check manually.
TCS,Tata Consultancy Services,Governance,Audit Committee Size,,Count,,Not found,not_found,0.2,Not Found,True,2026-09-02,Not found in PDF. Check manually.
TCS,Tata Consultancy Services,Governance,Ethics Policy Violations,10.0,Count,5.0,Auto-extracted,table,0.9,Valid,False,2026-09-02,Method: table; Keyword: complaints; Within expected range
INFY,Infosys,Environmental,Total Energy Consumption,77.7,GWh,26.0,Auto-extracted,keyword_context,0.75,Valid,False,2026-09-02,Method: keyword_context; Keyword: electricity; Within expected range
INFY,Infosys,Environmental,Renewable Energy Percentage,,%,,Not found,not_found,0.2,Not Found,True,2026-09-02,Not found in PDF. Check manually.
INFY,Infosys,Environmental,Total Water Consumption,,KL,,Not found,not_found,0.2,Not Found,True,2026-09-02,Not found in PDF. Check manually.
INFY,Infosys,Environmental,Water Recycled Percentage,100.0,%,26.0,Auto-extracted,keyword_context,0.75,Valid,False,2026-09-02,Method: keyword_context; Keyword: water recycled; Within expected range
INFY,Infosys,Environmental,Total Waste Generated,,MT,,Not found,not_found,0.2,Not Found,True,2026-09-02,Not found in PDF. Check manually.
INFY,Infosys,Environmental,Waste Recycled Percentage,,%,,Not found,not_found,0.2,Not Found,True,2026-09-02,Not found in PDF. Check manually.
INFY,Infosys,Social,Total Employees,320000.0,Count,17.0,Auto-extracted,keyword_context,0.75,Valid,False,2026-09-02,Method: keyword_context; Keyword: workforce; Within expected range
INFY,Infosys,Social,Female Employee Percentage,39.0,%,17.0,Auto-extracted,keyword_context,0.75,Valid,False,2026-09-02,Method: keyword_context; Keyword: women employees; Within expected range
INFY,Infosys,Social,Employee Turnover Rate,,%,,Not found,not_found,0.2,Not Found,True,2026-09-02,Not found in PDF. Check manually.
INFY,Infosys,Social,Training Hours per Employee,2066.0,Hours,22.0,Auto-extracted (Needs Review),keyword_context,0.4,Outlier/Suspect,True,2026-09-02,Outside expected bounds 0-1000; Method: keyword_context; Keyword: training hours
INFY,Infosys,Social,Health and Safety Incidents,,Count,,Not found,not_found,0.2,Not Found,True,2026-09-02,Not found in PDF. Check manually.
INFY,Infosys,Social,CSR Expenditure,,Crores INR,,Not found,not_found,0.2,Not Found,True,2026-09-02,Not found in PDF. Check manually.
INFY,Infosys,Governance,Board Size,19.0,Count,8.0,Auto-extracted,keyword_context,0.75,Valid,False,2026-09-02,Method: keyword_context; Keyword: board of directors; Within expected range
INFY,Infosys,Governance,Independent Directors Percentage,0.98,%,11.0,Auto-extracted,keyword_context,0.75,Valid,False,2026-09-02,Method: keyword_context; Keyword: non-executive; Within expected range
INFY,Infosys,Governance,Female Directors Percentage,,%,,Not found,not_found,0.2,Not Found,True,2026-09-02,Not found in PDF. Check manually.
INFY,Infosys,Governance,Board Meeting Frequency,,Count,,Not found,not_found,0.2,Not Found,True,2026-09-02,Not found in PDF. Check manually.
INFY,Infosys,Governance,Audit Committee Size,3.0,Count,13.0,Auto-extracted,keyword_context,0.75,Valid,False,2026-09-02,Method: keyword_context; Keyword: audit committee; Within expected range
INFY,Infosys,Governance,Ethics Policy Violations,,Count,,Not found,not_found,0.2,Not Found,True,2026-09-02,Not found in PDF. Check manually.
WIPRO,Wipro,Environmental,Total Energy Consumption,1.0,GWh,28.0,Auto-extracted,keyword_context,0.75,Valid,False,2026-09-02,Method: keyword_context; Keyword: total energy; Within expected range
WIPRO,Wipro,Environmental,Renewable Energy Percentage,,%,,Not found,not_found,0.2,Not Found,True,2026-09-02,Not found in PDF. Check manually.
WIPRO,Wipro,Environmental,Total Water Consumption,2030.0,KL,12.0,Auto-extracted,keyword_context,0.75,Valid,False,2026-09-02,Method: keyword_context; Keyword: total water; Within expected range
WIPRO,Wipro,Environmental,Water Recycled Percentage,,%,,Not found,not_found,0.2,Not Found,True,2026-09-02,Not found in PDF. Check manually.
WIPRO,Wipro,Environmental,Total Waste Generated,,MT,,Not found,not_found,0.2,Not Found,True,2026-09-02,Not found in PDF. Check manually.
WIPRO,Wipro,Environmental,Waste Recycled Percentage,,%,,Not found,not_found,0.2,Not Found,True,2026-09-02,Not found in PDF. Check manually.
WIPRO,Wipro,Social,Total Employees,10109.0,Count,4.0,Auto-extracted,keyword_context,0.75,Valid,False,2026-09-02,Method: keyword_context; Keyword: total employees; Within expected range
WIPRO,Wipro,Social,Female Employee Percentage,37.0,%,11.0,Auto-extracted,keyword_context,0.75,Valid,False,2026-09-02,Method: keyword_context; Keyword: gender diversity; Within expected range
WIPRO,Wipro,Social,Employee Turnover Rate,19.97,%,4.0,Auto-extracted,keyword_context,0.75,Valid,False,2026-09-02,Method: keyword_context; Keyword: attrition; Within expected range
WIPRO,Wipro,Social,Training Hours per Employee,,Hours,,Not found,not_found,0.2,Not Found,True,2026-09-02,Not found in PDF. Check manually.
WIPRO,Wipro,Social,Health and Safety Incidents,2024.0,Count,21.0,Auto-extracted,keyword_context,0.75,Valid,False,2026-09-02,Method: keyword_context; Keyword: lost time injury; Within expected range
WIPRO,Wipro,Social,CSR Expenditure,10.0,Crores INR,13.0,Auto-extracted,keyword_context,0.75,Valid,False,2026-09-02,Method: keyword_context; Keyword: corporate social responsibility; Within expected range
WIPRO,Wipro,Governance,Board Size,9.0,Count,4.0,Auto-extracted,keyword_context,0.75,Valid,False,2026-09-02,Method: keyword_context; Keyword: board of directors; Within expected range
WIPRO,Wipro,Governance,Independent Directors Percentage,,%,,Not found,not_found,0.2,Not Found,True,2026-09-02,Not found in PDF. Check manually.
WIPRO,Wipro,Governance,Female Directors Percentage,,%,,Not found,not_found,0.2,Not Found,True,2026-09-02,Not found in PDF. Check manually.
WIPRO,Wipro,Governance,Board Meeting Frequency,,Count,,Not found,not_found,0.2,Not Found,True,2026-09-02,Not found in PDF. Check manually.
WIPRO,Wipro,Governance,Audit Committee Size,,Count,,Not found,not_found,0.2,Not Found,True,2026-09-02,Not found in PDF. Check manually.
WIPRO,Wipro,Governance,Ethics Policy Violations,26.0,Count,5.0,Auto-extracted,keyword_context,0.75,Valid,False,2026-09-02,Method: keyword_context; Keyword: complaints; Within expected range
HCLTECH,HCL Technologies,Environmental,Total Energy Consumption,2030.0,GWh,23.0,Auto-extracted,table,0.9,Valid,False,2026-09-02,Method: table; Keyword: electricity; Within expected range
HCLTECH,HCL Technologies,Environmental,Renewable Energy Percentage,50.0,%,23.0,Auto-extracted,table,0.9,Valid,False,2026-09-02,Method: table; Keyword: renewable energy; Within expected range
HCLTECH,HCL Technologies,Environmental,Total Water Consumption,,KL,,Not found,not_found,0.2,Not Found,True,2026-09-02,Not found in PDF. Check manually.
HCLTECH,HCL Technologies,Environmental,Water Recycled Percentage,,%,,Not found,not_found,0.2,Not Found,True,2026-09-02,Not found in PDF. Check manually.
HCLTECH,HCL Technologies,Environmental,Total Waste Generated,,MT,,Not found,not_found,0.2,Not Found,True,2026-09-02,Not found in PDF. Check manually.
HCLTECH,HCL Technologies,Environmental,Waste Recycled Percentage,,%,,Not found,not_found,0.2,Not Found,True,2026-09-02,Not found in PDF. Check manually.
HCLTECH,HCL Technologies,Social,Total Employees,234496.0,Count,5.0,Auto-extracted,table,0.9,Valid,False,2026-09-02,Method: table; Keyword: total employees; Within expected range
HCLTECH,HCL Technologies,Social,Female Employee Percentage,40.0,%,23.0,Auto-extracted,table,0.9,Valid,False,2026-09-02,Method: table; Keyword: gender diversity; Within expected range
HCLTECH,HCL Technologies,Social,Employee Turnover Rate,90.0,%,4.0,Auto-extracted,keyword_context,0.75,Valid,False,2026-09-02,Method: keyword_context; Keyword: turnover; Within expected range
HCLTECH,HCL Technologies,Social,Training Hours per Employee,,Hours,,Not found,not_found,0.2,Not Found,True,2026-09-02,Not found in PDF. Check manually.
HCLTECH,HCL Technologies,Social,Health and Safety Incidents,,Count,,Not found,not_found,0.2,Not Found,True,2026-09-02,Not found in PDF. Check manually.
HCLTECH,HCL Technologies,Social,CSR Expenditure,,Crores INR,,Not found,not_found,0.2,Not Found,True,2026-09-02,Not found in PDF. Check manually.
HCLTECH,HCL Technologies,Governance,Board Size,10.0,Count,6.0,Auto-extracted,keyword_context,0.75,Valid,False,2026-09-02,Method: keyword_context; Keyword: board of directors; Within expected range
HCLTECH,HCL Technologies,Governance,Independent Directors Percentage,,%,,Not found,not_found,0.2,Not Found,True,2026-09-02,Not found in PDF. Check manually.
HCLTECH,HCL Technologies,Governance,Female Directors Percentage,,%,,Not found,not_found,0.2,Not Found,True,2026-09-02,Not found in PDF. Check manually.
HCLTECH,HCL Technologies,Governance,Board Meeting Frequency,,Count,,Not found,not_found,0.2,Not Found,True,2026-09-02,Not found in PDF. Check manually.
HCLTECH,HCL Technologies,Governance,Audit Committee Size,,Count,,Not found,not_found,0.2,Not Found,True,2026-09-02,Not found in PDF. Check manually.
HCLTECH,HCL Technologies,Governance,Ethics Policy Violations,25.0,Count,10.0,Auto-extracted,keyword_context,0.75,Valid,False,2026-09-02,Method: keyword_context; Keyword: complaints; Within expected range
TECHM,Tech Mahindra,Environmental,Total Energy Consumption,1.0,GWh,27.0,Auto-extracted,keyword_context,0.75,Valid,False,2026-09-02,Method: keyword_context; Keyword: total energy; Within expected range
TECHM,Tech Mahindra,Environmental,Renewable Energy Percentage,,%,,Not found,not_found,0.2,Not Found,True,2026-09-02,Not found in PDF. Check manually.
TECHM,Tech Mahindra,Environmental,Total Water Consumption,876.33,KL,28.0,Auto-extracted,keyword_context,0.75,Valid,False,2026-09-02,Method: keyword_context; Keyword: total water; Within expected range
TECHM,Tech Mahindra,Environmental,Water Recycled Percentage,,%,,Not found,not_found,0.2,Not Found,True,2026-09-02,Not found in PDF. Check manually.
TECHM,Tech Mahindra,Environmental,Total Waste Generated,2024.0,MT,30.0,Auto-extracted,keyword_context,0.75,Valid,False,2026-09-02,Method: keyword_context; Keyword: total waste; Within expected range
TECHM,Tech Mahindra,Environmental,Waste Recycled Percentage,,%,,Not found,not_found,0.2,Not Found,True,2026-09-02,Not found in PDF. Check manually.
TECHM,Tech Mahindra,Social,Total Employees,7827.0,Count,3.0,Auto-extracted,keyword_context,0.75,Valid,False,2026-09-02,Method: keyword_context; Keyword: total employees; Within expected range
TECHM,Tech Mahindra,Social,Female Employee Percentage,,%,,Not found,not_found,0.2,Not Found,True,2026-09-02,Not found in PDF. Check manually.
TECHM,Tech Mahindra,Social,Employee Turnover Rate,90.0,%,2.0,Auto-extracted,keyword_context,0.75,Valid,False,2026-09-02,Method: keyword_context; Keyword: turnover; Within expected range
TECHM,Tech Mahindra,Social,Training Hours per Employee,,Hours,,Not found,not_found,0.2,Not Found,True,2026-09-02,Not found in PDF. Check manually.
TECHM,Tech Mahindra,Social,Health and Safety Incidents,2024.0,Count,18.0,Auto-extracted,keyword_context,0.75,Valid,False,2026-09-02,Method: keyword_context; Keyword: lost time injury; Within expected range
TECHM,Tech Mahindra,Social,CSR Expenditure,,Crores INR,,Not found,not_found,0.2,Not Found,True,2026-09-02,Not found in PDF. Check manually.
TECHM,Tech Mahindra,Governance,Board Size,10.0,Count,4.0,Auto-extracted,keyword_context,0.75,Valid,False,2026-09-02,Method: keyword_context; Keyword: board of directors; Within expected range
TECHM,Tech Mahindra,Governance,Independent Directors Percentage,,%,,Not found,not_found,0.2,Not Found,True,2026-09-02,Not found in PDF. Check manually.
TECHM,Tech Mahindra,Governance,Female Directors Percentage,,%,,Not found,not_found,0.2,Not Found,True,2026-09-02,Not found in PDF. Check manually.
TECHM,Tech Mahindra,Governance,Board Meeting Frequency,,Count,,Not found,not_found,0.2,Not Found,True,2026-09-02,Not found in PDF. Check manually.
TECHM,Tech Mahindra,Governance,Audit Committee Size,,Count,,Not found,not_found,0.2,Not Found,True,2026-09-02,Not found in PDF. Check manually.
TECHM,Tech Mahindra,Governance,Ethics Policy Violations,25.0,Count,4.0,Auto-extracted,keyword_context,0.75,Valid,False,2026-09-02,Method: keyword_context; Keyword: complaints; Within expected range
LTIM,LTIMindtree,Environmental,Total Energy Consumption,25.0,GWh,3.0,Auto-extracted,table,0.9,Valid,False,2026-09-02,Method: table; Keyword: energy consumption; Within expected range
LTIM,LTIMindtree,Environmental,Renewable Energy Percentage,,%,,Not found,not_found,0.2,Not Found,True,2026-09-02,Not found in PDF. Check manually.
LTIM,LTIMindtree,Environmental,Total Water Consumption,25.0,KL,3.0,Auto-extracted,table,0.9,Valid,False,2026-09-02,Method: table; Keyword: water consumption; Within expected range
LTIM,LTIMindtree,Environmental,Water Recycled Percentage,,%,,Not found,not_found,0.2,Not Found,True,2026-09-02,Not found in PDF. Check manually.
LTIM,LTIMindtree,Environmental,Total Waste Generated,,MT,,Not found,not_found,0.2,Not Found,True,2026-09-02,Not found in PDF. Check manually.
LTIM,LTIMindtree,Environmental,Waste Recycled Percentage,7.0,%,3.0,Auto-extracted,table,0.9,Valid,False,2026-09-02,Method: table; Keyword: waste recycled; Within expected range
LTIM,LTIMindtree,Social,Total Employees,,Count,,Not found,not_found,0.2,Not Found,True,2026-09-02,Not found in PDF. Check manually.
LTIM,LTIMindtree,Social,Female Employee Percentage,14.4,%,12.0,Auto-extracted,keyword_context,0.75,Valid,False,2026-09-02,Method: keyword_context; Keyword: female employees; Within expected range
LTIM,LTIMindtree,Social,Employee Turnover Rate,14.4,%,12.0,Auto-extracted,keyword_context,0.75,Valid,False,2026-09-02,Method: keyword_context; Keyword: attrition; Within expected range
LTIM,LTIMindtree,Social,Training Hours per Employee,4.0,Hours,23.0,Auto-extracted,table,0.9,Valid,False,2026-09-02,Method: table; Keyword: skill development; Within expected range
LTIM,LTIMindtree,Social,Health and Safety Incidents,,Count,,Not found,not_found,0.2,Not Found,True,2026-09-02,Not found in PDF. Check manually.
LTIM,LTIMindtree,Social,CSR Expenditure,,Crores INR,,Not found,not_found,0.2,Not Found,True,2026-09-02,Not found in PDF. Check manually.
LTIM,LTIMindtree,Governance,Board Size,,Count,,Not found,not_found,0.2,Not Found,True,2026-09-02,Not found in PDF. Check manually.
LTIM,LTIMindtree,Governance,Independent Directors Percentage,7.0,%,3.0,Auto-extracted,table,0.9,Valid,False,2026-09-02,Method: table; Keyword: independent directors; Within expected range
LTIM,LTIMindtree,Governance,Female Directors Percentage,,%,,Not found,not_found,0.2,Not Found,True,2026-09-02,Not found in PDF. Check manually.
LTIM,LTIMindtree,Governance,Board Meeting Frequency,,Count,,Not found,not_found,0.2,Not Found,True,2026-09-02,Not found in PDF. Check manually.
LTIM,LTIMindtree,Governance,Audit Committee Size,,Count,,Not found,not_found,0.2,Not Found,True,2026-09-02,Not found in PDF. Check manually.
LTIM,LTIMindtree,Governance,Ethics Policy Violations,,Count,,Not found,not_found,0.2,Not Found,True,2026-09-02,Not found in PDF. Check manually.
MPHASIS,Mphasis,Environmental,Total Energy Consumption,,GWh,,Not found,not_found,0.2,Not Found,True,2026-09-02,Not found in PDF. Check manually.
MPHASIS,Mphasis,Environmental,Renewable Energy Percentage,,%,,Not found,not_found,0.2,Not Found,True,2026-09-02,Not found in PDF. Check manually.
MPHASIS,Mphasis,Environmental,Total Water Consumption,,KL,,Not found,not_found,0.2,Not Found,True,2026-09-02,Not found in PDF. Check manually.
MPHASIS,Mphasis,Environmental,Water Recycled Percentage,,%,,Not found,not_found,0.2,Not Found,True,2026-09-02,Not found in PDF. Check manually.
MPHASIS,Mphasis,Environmental,Total Waste Generated,,MT,,Not found,not_found,0.2,Not Found,True,2026-09-02,Not found in PDF. Check manually.
MPHASIS,Mphasis,Environmental,Waste Recycled Percentage,,%,,Not found,not_found,0.2,Not Found,True,2026-09-02,Not found in PDF. Check manually.
MPHASIS,Mphasis,Social,Total Employees,14.0,Count,27.0,Auto-extracted (Needs Review),keyword_context,0.4,Outlier/Suspect,True,2026-09-02,Outside expected bounds 100-10000000; Method: keyword_context; Keyword: workforce
MPHASIS,Mphasis,Social,Female Employee Percentage,,%,,Not found,not_found,0.2,Not Found,True,2026-09-02,Not found in PDF. Check manually.
MPHASIS,Mphasis,Social,Employee Turnover Rate,,%,,Not found,not_found,0.2,Not Found,True,2026-09-02,Not found in PDF. Check manually.
MPHASIS,Mphasis,Social,Training Hours per Employee,,Hours,,Not found,not_found,0.2,Not Found,True,2026-09-02,Not found in PDF. Check manually.
MPHASIS,Mphasis,Social,Health and Safety Incidents,,Count,,Not found,not_found,0.2,Not Found,True,2026-09-02,Not found in PDF. Check manually.
MPHASIS,Mphasis,Social,CSR Expenditure,,Crores INR,,Not found,not_found,0.2,Not Found,True,2026-09-02,Not found in PDF. Check manually.
MPHASIS,Mphasis,Governance,Board Size,31.0,Count,3.0,Auto-extracted,keyword_context,0.75,Valid,False,2026-09-02,Method: keyword_context; Keyword: board of directors; Within expected range
MPHASIS,Mphasis,Governance,Independent Directors Percentage,,%,,Not found,not_found,0.2,Not Found,True,2026-09-02,Not found in PDF. Check manually.
MPHASIS,Mphasis,Governance,Female Directors Percentage,,%,,Not found,not_found,0.2,Not Found,True,2026-09-02,Not found in PDF. Check manually.
MPHASIS,Mphasis,Governance,Board Meeting Frequency,,Count,,Not found,not_found,0.2,Not Found,True,2026-09-02,Not found in PDF. Check manually.
MPHASIS,Mphasis,Governance,Audit Committee Size,24.0,Count,14.0,Auto-extracted,keyword_context,0.75,Valid,False,2026-09-02,Method: keyword_context; Keyword: audit committee; Within expected range
MPHASIS,Mphasis,Governance,Ethics Policy Violations,1.0,Count,8.0,Auto-extracted,keyword_context,0.75,Valid,False,2026-09-02,Method: keyword_context; Keyword: complaints; Within expected range
PERSISTENT,Persistent Systems,Environmental,Total Energy Consumption,1.0,GWh,23.0,Auto-extracted,keyword_context,0.75,Valid,False,2026-09-02,Method: keyword_context; Keyword: total energy; Within expected range
PERSISTENT,Persistent Systems,Environmental,Renewable Energy Percentage,100.0,%,9.0,Auto-extracted,keyword_context,0.75,Valid,False,2026-09-02,Method: keyword_context; Keyword: renewable energy; Within expected range
PERSISTENT,Persistent Systems,Environmental,Total Water Consumption,100.0,KL,12.0,Auto-extracted,keyword_context,0.75,Valid,False,2026-09-02,Method: keyword_context; Keyword: water consumption; Within expected range
PERSISTENT,Persistent Systems,Environmental,Water Recycled Percentage,,%,,Not found,not_found,0.2,Not Found,True,2026-09-02,Not found in PDF. Check manually.
PERSISTENT,Persistent Systems,Environmental,Total Waste Generated,2024.0,MT,24.0,Auto-extracted,keyword_context,0.75,Valid,False,2026-09-02,Method: keyword_context; Keyword: total waste; Within expected range
PERSISTENT,Persistent Systems,Environmental,Waste Recycled Percentage,100.0,%,12.0,Auto-extracted,keyword_context,0.75,Valid,False,2026-09-02,Method: keyword_context; Keyword: recycling; Within expected range
PERSISTENT,Persistent Systems,Social,Total Employees,2389.0,Count,4.0,Auto-extracted,keyword_context,0.75,Valid,False,2026-09-02,Method: keyword_context; Keyword: total employees; Within expected range
PERSISTENT,Persistent Systems,Social,Female Employee Percentage,35.0,%,12.0,Auto-extracted,keyword_context,0.75,Valid,False,2026-09-02,Method: keyword_context; Keyword: gender diversity; Within expected range
PERSISTENT,Persistent Systems,Social,Employee Turnover Rate,90.0,%,3.0,Auto-extracted,keyword_context,0.75,Valid,False,2026-09-02,Method: keyword_context; Keyword: turnover; Within expected range
PERSISTENT,Persistent Systems,Social,Training Hours per Employee,,Hours,,Not found,not_found,0.2,Not Found,True,2026-09-02,Not found in PDF. Check manually.
PERSISTENT,Persistent Systems,Social,Health and Safety Incidents,2024.0,Count,18.0,Auto-extracted,keyword_context,0.75,Valid,False,2026-09-02,Method: keyword_context; Keyword: lost time injury; Within expected range
PERSISTENT,Persistent Systems,Social,CSR Expenditure,,Crores INR,,Not found,not_found,0.2,Not Found,True,2026-09-02,Not found in PDF. Check manually.
PERSISTENT,Persistent Systems,Governance,Board Size,9.0,Count,4.0,Auto-extracted,keyword_context,0.75,Valid,False,2026-09-02,Method: keyword_context; Keyword: board of directors; Within expected range
PERSISTENT,Persistent Systems,Governance,Independent Directors Percentage,,%,,Not found,not_found,0.2,Not Found,True,2026-09-02,Not found in PDF. Check manually.
PERSISTENT,Persistent Systems,Governance,Female Directors Percentage,,%,,Not found,not_found,0.2,Not Found,True,2026-09-02,Not found in PDF. Check manually.
PERSISTENT,Persistent Systems,Governance,Board Meeting Frequency,,Count,,Not found,not_found,0.2,Not Found,True,2026-09-02,Not found in PDF. Check manually.
PERSISTENT,Persistent Systems,Governance,Audit Committee Size,,Count,,Not found,not_found,0.2,Not Found,True,2026-09-02,Not found in PDF. Check manually.
PERSISTENT,Persistent Systems,Governance,Ethics Policy Violations,0.0,Count,5.0,Auto-extracted,table,0.9,Valid,False,2026-09-02,Method: table; Keyword: complaints; Within expected range
COFORGE,Coforge,Environmental,Total Energy Consumption,,GWh,,Not found,not_found,0.2,Not Found,True,2026-09-02,Not found in PDF. Check manually.
COFORGE,Coforge,Environmental,Renewable Energy Percentage,,%,,Not found,not_found,0.2,Not Found,True,2026-09-02,Not found in PDF. Check manually.
COFORGE,Coforge,Environmental,Total Water Consumption,,KL,,Not found,not_found,0.2,Not Found,True,2026-09-02,Not found in PDF. Check manually.
COFORGE,Coforge,Environmental,Water Recycled Percentage,,%,,Not found,not_found,0.2,Not Found,True,2026-09-02,Not found in PDF. Check manually.
COFORGE,Coforge,Environmental,Total Waste Generated,5.0,MT,20.0,Auto-extracted,keyword_context,0.75,Valid,False,2026-09-02,Method: keyword_context; Keyword: hazardous waste; Within expected range
COFORGE,Coforge,Environmental,Waste Recycled Percentage,100.0,%,2.0,Auto-extracted,keyword_context,0.75,Valid,False,2026-09-02,Method: keyword_context; Keyword: recycling; Within expected range
COFORGE,Coforge,Social,Total Employees,1279.0,Count,5.0,Auto-extracted,keyword_context,0.75,Valid,False,2026-09-02,Method: keyword_context; Keyword: total employees; Within expected range
COFORGE,Coforge,Social,Female Employee Percentage,0.11,%,30.0,Auto-extracted (Needs Review),keyword_context,0.4,Outlier/Suspect,True,2026-09-02,"Very low value, verify manually; Method: keyword_context; Keyword: female employees"
COFORGE,Coforge,Social,Employee Turnover Rate,90.0,%,4.0,Auto-extracted,keyword_context,0.75,Valid,False,2026-09-02,Method: keyword_context; Keyword: turnover; Within expected range
COFORGE,Coforge,Social,Training Hours per Employee,3.0,Hours,2.0,Auto-extracted,keyword_context,0.75,Valid,False,2026-09-02,Method: keyword_context; Keyword: skill development; Within expected range
COFORGE,Coforge,Social,Health and Safety Incidents,2024.0,Count,24.0,Auto-extracted,keyword_context,0.75,Valid,False,2026-09-02,Method: keyword_context; Keyword: safety incidents; Within expected range
COFORGE,Coforge,Social,CSR Expenditure,,Crores INR,,Not found,not_found,0.2,Not Found,True,2026-09-02,Not found in PDF. Check manually.
COFORGE,Coforge,Governance,Board Size,6.0,Count,5.0,Auto-extracted,keyword_context,0.75,Valid,False,2026-09-02,Method: keyword_context; Keyword: board of directors; Within expected range
COFORGE,Coforge,Governance,Independent Directors Percentage,,%,,Not found,not_found,0.2,Not Found,True,2026-09-02,Not found in PDF. Check manually.
COFORGE,Coforge,Governance,Female Directors Percentage,,%,,Not found,not_found,0.2,Not Found,True,2026-09-02,Not found in PDF. Check manually.
COFORGE,Coforge,Governance,Board Meeting Frequency,,Count,,Not found,not_found,0.2,Not Found,True,2026-09-02,Not found in PDF. Check manually.
COFORGE,Coforge,Governance,Audit Committee Size,,Count,,Not found,not_found,0.2,Not Found,True,2026-09-02,Not found in PDF. Check manually.
COFORGE,Coforge,Governance,Ethics Policy Violations,10.0,Count,8.0,Auto-extracted,table,0.9,Valid,False,2026-09-02,Method: table; Keyword: complaints; Within expected range
LTTS,L&T Technology Services,Environmental,Total Energy Consumption,25.0,GWh,9.0,Auto-extracted,table,0.9,Valid,False,2026-09-02,Method: table; Keyword: total energy; Within expected range
LTTS,L&T Technology Services,Environmental,Renewable Energy Percentage,10.6,%,9.0,Auto-extracted,table,0.9,Valid,False,2026-09-02,Method: table; Keyword: renewable energy; Within expected range
LTTS,L&T Technology Services,Environmental,Total Water Consumption,,KL,,Not found,not_found,0.2,Not Found,True,2026-09-02,Not found in PDF. Check manually.
LTTS,L&T Technology Services,Environmental,Water Recycled Percentage,10.6,%,9.0,Auto-extracted,table,0.9,Valid,False,2026-09-02,Method: table; Keyword: water recycled; Within expected range
LTTS,L&T Technology Services,Environmental,Total Waste Generated,,MT,,Not found,not_found,0.2,Not Found,True,2026-09-02,Not found in PDF. Check manually.
LTTS,L&T Technology Services,Environmental,Waste Recycled Percentage,10.6,%,9.0,Auto-extracted,table,0.9,Valid,False,2026-09-02,Method: table; Keyword: waste recycled; Within expected range
LTTS,L&T Technology Services,Social,Total Employees,100.0,Count,10.0,Auto-extracted,table,0.9,Valid,False,2026-09-02,Method: table; Keyword: workforce; Within expected range
LTTS,L&T Technology Services,Social,Female Employee Percentage,,%,,Not found,not_found,0.2,Not Found,True,2026-09-02,Not found in PDF. Check manually.
LTTS,L&T Technology Services,Social,Employee Turnover Rate,,%,,Not found,not_found,0.2,Not Found,True,2026-09-02,Not found in PDF. Check manually.
LTTS,L&T Technology Services,Social,Training Hours per Employee,278.2,Hours,10.0,Auto-extracted,table,0.9,Valid,False,2026-09-02,Method: table; Keyword: training hours; Within expected range
LTTS,L&T Technology Services,Social,Health and Safety Incidents,,Count,,Not found,not_found,0.2,Not Found,True,2026-09-02,Not found in PDF. Check manually.
LTTS,L&T Technology Services,Social,CSR Expenditure,,Crores INR,,Not found,not_found,0.2,Not Found,True,2026-09-02,Not found in PDF. Check manually.
LTTS,L&T Technology Services,Governance,Board Size,2024.0,Count,8.0,Auto-extracted (Needs Review),table,0.55,Outlier/Suspect,True,2026-09-02,Outside expected bounds 1-100; Method: table; Keyword: board of directors
LTTS,L&T Technology Services,Governance,Independent Directors Percentage,,%,,Not found,not_found,0.2,Not Found,True,2026-09-02,Not found in PDF. Check manually.
LTTS,L&T Technology Services,Governance,Female Directors Percentage,,%,,Not found,not_found,0.2,Not Found,True,2026-09-02,Not found in PDF. Check manually.
LTTS,L&T Technology Services,Governance,Board Meeting Frequency,,Count,,Not found,not_found,0.2,Not Found,True,2026-09-02,Not found in PDF. Check manually.
LTTS,L&T Technology Services,Governance,Audit Committee Size,,Count,,Not found,not_found,0.2,Not Found,True,2026-09-02,Not found in PDF. Check manually.
LTTS,L&T Technology Services,Governance,Ethics Policy Violations,,Count,,Not found,not_found,0.2,Not Found,True,2026-09-02,Not found in PDF. Check manually.
TATAELXSI,Tata Elxsi,Environmental,Total Energy Consumption,1.0,GWh,30.0,Auto-extracted,keyword_context,0.75,Valid,False,2026-09-02,Method: keyword_context; Keyword: total energy; Within expected range
TATAELXSI,Tata Elxsi,Environmental,Renewable Energy Percentage,51.15,%,10.0,Auto-extracted,keyword_context,0.75,Valid,False,2026-09-02,Method: keyword_context; Keyword: renewable energy; Within expected range
TATAELXSI,Tata Elxsi,Environmental,Total Water Consumption,,KL,,Not found,not_found,0.2,Not Found,True,2026-09-02,Not found in PDF. Check manually.
TATAELXSI,Tata Elxsi,Environmental,Water Recycled Percentage,,%,,Not found,not_found,0.2,Not Found,True,2026-09-02,Not found in PDF. Check manually.
TATAELXSI,Tata Elxsi,Environmental,Total Waste Generated,,MT,,Not found,not_found,0.2,Not Found,True,2026-09-02,Not found in PDF. Check manually.
TATAELXSI,Tata Elxsi,Environmental,Waste Recycled Percentage,,%,,Not found,not_found,0.2,Not Found,True,2026-09-02,Not found in PDF. Check manually.
TATAELXSI,Tata Elxsi,Social,Total Employees,12414.0,Count,5.0,Auto-extracted,table,0.9,Valid,False,2026-09-02,Method: table; Keyword: total employees; Within expected range
TATAELXSI,Tata Elxsi,Social,Female Employee Percentage,0.04,%,28.0,Auto-extracted (Needs Review),keyword_context,0.4,Outlier/Suspect,True,2026-09-02,"Very low value, verify manually; Method: keyword_context; Keyword: female employees"
TATAELXSI,Tata Elxsi,Social,Employee Turnover Rate,90.0,%,4.0,Auto-extracted,keyword_context,0.75,Valid,False,2026-09-02,Method: keyword_context; Keyword: turnover; Within expected range
TATAELXSI,Tata Elxsi,Social,Training Hours per Employee,,Hours,,Not found,not_found,0.2,Not Found,True,2026-09-02,Not found in PDF. Check manually.
TATAELXSI,Tata Elxsi,Social,Health and Safety Incidents,2023.0,Count,22.0,Auto-extracted,keyword_context,0.75,Valid,False,2026-09-02,Method: keyword_context; Keyword: lost time injury; Within expected range
TATAELXSI,Tata Elxsi,Social,CSR Expenditure,,Crores INR,,Not found,not_found,0.2,Not Found,True,2026-09-02,Not found in PDF. Check manually.
TATAELXSI,Tata Elxsi,Governance,Board Size,6.0,Count,6.0,Auto-extracted,keyword_context,0.75,Valid,False,2026-09-02,Method: keyword_context; Keyword: board of directors; Within expected range
TATAELXSI,Tata Elxsi,Governance,Independent Directors Percentage,,%,,Not found,not_found,0.2,Not Found,True,2026-09-02,Not found in PDF. Check manually.
TATAELXSI,Tata Elxsi,Governance,Female Directors Percentage,,%,,Not found,not_found,0.2,Not Found,True,2026-09-02,Not found in PDF. Check manually.
TATAELXSI,Tata Elxsi,Governance,Board Meeting Frequency,,Count,,Not found,not_found,0.2,Not Found,True,2026-09-02,Not found in PDF. Check manually.
TATAELXSI,Tata Elxsi,Governance,Audit Committee Size,,Count,,Not found,not_found,0.2,Not Found,True,2026-09-02,Not found in PDF. Check manually.
TATAELXSI,Tata Elxsi,Governance,Ethics Policy Violations,1.0,Count,7.0,Auto-extracted,table,0.9,Valid,False,2026-09-02,Method: table; Keyword: complaints; Within expected range
OFSS,Oracle Financial Services Software,Environmental,Total Energy Consumption,7327.0,GWh,16.0,Auto-extracted,table,0.9,Valid,False,2026-09-02,Method: table; Keyword: electricity; Within expected range
OFSS,Oracle Financial Services Software,Environmental,Renewable Energy Percentage,,%,,Not found,not_found,0.2,Not Found,True,2026-09-02,Not found in PDF. Check manually.
OFSS,Oracle Financial Services Software,Environmental,Total Water Consumption,32149.0,KL,17.0,Auto-extracted,table,0.9,Valid,False,2026-09-02,Method: table; Keyword: water consumption; Within expected range
OFSS,Oracle Financial Services Software,Environmental,Water Recycled Percentage,,%,,Not found,not_found,0.2,Not Found,True,2026-09-02,Not found in PDF. Check manually.
OFSS,Oracle Financial Services Software,Environmental,Total Waste Generated,2.64,MT,19.0,Auto-extracted,table,0.9,Valid,False,2026-09-02,Method: table; Keyword: hazardous waste; Within expected range
OFSS,Oracle Financial Services Software,Environmental,Waste Recycled Percentage,,%,,Not found,not_found,0.2,Not Found,True,2026-09-02,Not found in PDF. Check manually.
OFSS,Oracle Financial Services Software,Social,Total Employees,3.0,Count,3.0,Auto-extracted (Needs Review),table,0.55,Outlier/Suspect,True,2026-09-02,Outside expected bounds 100-10000000; Method: table; Keyword: total employees
OFSS,Oracle Financial Services Software,Social,Female Employee Percentage,26.42,%,15.0,Auto-extracted,table,0.9,Valid,False,2026-09-02,Method: table; Keyword: female employees; Within expected range
OFSS,Oracle Financial Services Software,Social,Employee Turnover Rate,90.0,%,2.0,Auto-extracted,keyword_context,0.75,Valid,False,2026-09-02,Method: keyword_context; Keyword: turnover; Within expected range
OFSS,Oracle Financial Services Software,Social,Training Hours per Employee,,Hours,,Not found,not_found,0.2,Not Found,True,2026-09-02,Not found in PDF. Check manually.
OFSS,Oracle Financial Services Software,Social,Health and Safety Incidents,,Count,,Not found,not_found,0.2,Not Found,True,2026-09-02,Not found in PDF. Check manually.
OFSS,Oracle Financial Services Software,Social,CSR Expenditure,6.0,Crores INR,8.0,Auto-extracted,keyword_context,0.75,Valid,False,2026-09-02,Method: keyword_context; Keyword: corporate social responsibility; Within expected range
OFSS,Oracle Financial Services Software,Governance,Board Size,10.0,Count,3.0,Auto-extracted,table,0.9,Valid,False,2026-09-02,Method: table; Keyword: board of directors; Within expected range
OFSS,Oracle Financial Services Software,Governance,Independent Directors Percentage,30.0,%,3.0,Auto-extracted,keyword_context,0.75,Valid,False,2026-09-02,Method: keyword_context; Keyword: non-executive; Within expected range
OFSS,Oracle Financial Services Software,Governance,Female Directors Percentage,,%,,Not found,not_found,0.2,Not Found,True,2026-09-02,Not found in PDF. Check manually.
OFSS,Oracle Financial Services Software,Governance,Board Meeting Frequency,,Count,,Not found,not_found,0.2,Not Found,True,2026-09-02,Not found in PDF. Check manually.
OFSS,Oracle Financial Services Software,Governance,Audit Committee Size,11.0,Count,8.0,Auto-extracted,keyword_context,0.75,Valid,False,2026-09-02,Method: keyword_context; Keyword: audit committee; Within expected range
OFSS,Oracle Financial Services Software,Governance,Ethics Policy Violations,-176732.0,Count,12.0,Auto-extracted (Needs Review),table,0.55,Outlier/Suspect,True,2026-09-02,Outside expected bounds 0-100000; Method: table; Keyword: grievances
KPITTECH,KPIT Technologies,Environmental,Total Energy Consumption,,GWh,,Not found,not_found,0.2,Not Found,True,2026-09-02,Not found in PDF. Check manually.
KPITTECH,KPIT Technologies,Environmental,Renewable Energy Percentage,,%,,Not found,not_found,0.2,Not Found,True,2026-09-02,Not found in PDF. Check manually.
KPITTECH,KPIT Technologies,Environmental,Total Water Consumption,,KL,,Not found,not_found,0.2,Not Found,True,2026-09-02,Not found in PDF. Check manually.
KPITTECH,KPIT Technologies,Environmental,Water Recycled Percentage,,%,,Not found,not_found,0.2,Not Found,True,2026-09-02,Not found in PDF. Check manually.
KPITTECH,KPIT Technologies,Environmental,Total Waste Generated,5.0,MT,25.0,Auto-extracted,keyword_context,0.75,Valid,False,2026-09-02,Method: keyword_context; Keyword: hazardous waste; Within expected range
KPITTECH,KPIT Technologies,Environmental,Waste Recycled Percentage,,%,,Not found,not_found,0.2,Not Found,True,2026-09-02,Not found in PDF. Check manually.
KPITTECH,KPIT Technologies,Social,Total Employees,10188.0,Count,5.0,Auto-extracted,table,0.9,Valid,False,2026-09-02,Method: table; Keyword: total employees; Within expected range
KPITTECH,KPIT Technologies,Social,Female Employee Percentage,,%,,Not found,not_found,0.2,Not Found,True,2026-09-02,Not found in PDF. Check manually.
KPITTECH,KPIT Technologies,Social,Employee Turnover Rate,90.0,%,4.0,Auto-extracted,keyword_context,0.75,Valid,False,2026-09-02,Method: keyword_context; Keyword: turnover; Within expected range
KPITTECH,KPIT Technologies,Social,Training Hours per Employee,,Hours,,Not found,not_found,0.2,Not Found,True,2026-09-02,Not found in PDF. Check manually.
KPITTECH,KPIT Technologies,Social,Health and Safety Incidents,,Count,,Not found,not_found,0.2,Not Found,True,2026-09-02,Not found in PDF. Check manually.
KPITTECH,KPIT Technologies,Social,CSR Expenditure,7.0,Crores INR,20.0,Auto-extracted,table,0.9,Valid,False,2026-09-02,Method: table; Keyword: corporate social responsibility; Within expected range
KPITTECH,KPIT Technologies,Governance,Board Size,2.0,Count,19.0,Auto-extracted,table,0.9,Valid,False,2026-09-02,Method: table; Keyword: board of directors; Within expected range
KPITTECH,KPIT Technologies,Governance,Independent Directors Percentage,,%,,Not found,not_found,0.2,Not Found,True,2026-09-02,Not found in PDF. Check manually.
KPITTECH,KPIT Technologies,Governance,Female Directors Percentage,,%,,Not found,not_found,0.2,Not Found,True,2026-09-02,Not found in PDF. Check manually.
KPITTECH,KPIT Technologies,Governance,Board Meeting Frequency,,Count,,Not found,not_found,0.2,Not Found,True,2026-09-02,Not found in PDF. Check manually.
KPITTECH,KPIT Technologies,Governance,Audit Committee Size,,Count,,Not found,not_found,0.2,Not Found,True,2026-09-02,Not found in PDF. Check manually.
KPITTECH,KPIT Technologies,Governance,Ethics Policy Violations,25.0,Count,8.0,Auto-extracted,keyword_context,0.75,Valid,False,2026-09-02,Method: keyword_context; Keyword: complaints; Within expected range
CYIENT,Cyient,Environmental,Total Energy Consumption,,GWh,,Not found,not_found,0.2,Not Found,True,2026-09-02,Not found in PDF. Check manually.
CYIENT,Cyient,Environmental,Renewable Energy Percentage,60.0,%,14.0,Auto-extracted,keyword_context,0.75,Valid,False,2026-09-02,Method: keyword_context; Keyword: renewable energy; Within expected range
CYIENT,Cyient,Environmental,Total Water Consumption,,KL,,Not found,not_found,0.2,Not Found,True,2026-09-02,Not found in PDF. Check manually.
CYIENT,Cyient,Environmental,Water Recycled Percentage,,%,,Not found,not_found,0.2,Not Found,True,2026-09-02,Not found in PDF. Check manually.
CYIENT,Cyient,Environmental,Total Waste Generated,,MT,,Not found,not_found,0.2,Not Found,True,2026-09-02,Not found in PDF. Check manually.
CYIENT,Cyient,Environmental,Waste Recycled Percentage,,%,,Not found,not_found,0.2,Not Found,True,2026-09-02,Not found in PDF. Check manually.
CYIENT,Cyient,Social,Total Employees,48.0,Count,14.0,Auto-extracted (Needs Review),keyword_context,0.4,Outlier/Suspect,True,2026-09-02,Outside expected bounds 100-10000000; Method: keyword_context; Keyword: workforce
CYIENT,Cyient,Social,Female Employee Percentage,,%,,Not found,not_found,0.2,Not Found,True,2026-09-02,Not found in PDF. Check manually.
CYIENT,Cyient,Social,Employee Turnover Rate,,%,,Not found,not_found,0.2,Not Found,True,2026-09-02,Not found in PDF. Check manually.
CYIENT,Cyient,Social,Training Hours per Employee,,Hours,,Not found,not_found,0.2,Not Found,True,2026-09-02,Not found in PDF. Check manually.
CYIENT,Cyient,Social,Health and Safety Incidents,,Count,,Not found,not_found,0.2,Not Found,True,2026-09-02,Not found in PDF. Check manually.
CYIENT,Cyient,Social,CSR Expenditure,,Crores INR,,Not found,not_found,0.2,Not Found,True,2026-09-02,Not found in PDF. Check manually.
CYIENT,Cyient,Governance,Board Size,,Count,,Not found,not_found,0.2,Not Found,True,2026-09-02,Not found in PDF. Check manually.
CYIENT,Cyient,Governance,Independent Directors Percentage,,%,,Not found,not_found,0.2,Not Found,True,2026-09-02,Not found in PDF. Check manually.
CYIENT,Cyient,Governance,Female Directors Percentage,,%,,Not found,not_found,0.2,Not Found,True,2026-09-02,Not found in PDF. Check manually.
CYIENT,Cyient,Governance,Board Meeting Frequency,,Count,,Not found,not_found,0.2,Not Found,True,2026-09-02,Not found in PDF. Check manually.
CYIENT,Cyient,Governance,Audit Committee Size,,Count,,Not found,not_found,0.2,Not Found,True,2026-09-02,Not found in PDF. Check manually.
CYIENT,Cyient,Governance,Ethics Policy Violations,,Count,,Not found,not_found,0.2,Not Found,True,2026-09-02,Not found in PDF. Check manually.
BSOFT,Birlasoft,Environmental,Total Energy Consumption,40.0,GWh,5.0,Auto-extracted,table,0.9,Valid,False,2026-09-02,Method: table; Keyword: total energy; Within expected range
BSOFT,Birlasoft,Environmental,Renewable Energy Percentage,40.0,%,5.0,Auto-extracted,table,0.9,Valid,False,2026-09-02,Method: table; Keyword: renewable energy; Within expected range
BSOFT,Birlasoft,Environmental,Total Water Consumption,8.0,KL,18.0,Auto-extracted,keyword_context,0.75,Valid,False,2026-09-02,Method: keyword_context; Keyword: total water; Within expected range
BSOFT,Birlasoft,Environmental,Water Recycled Percentage,,%,,Not found,not_found,0.2,Not Found,True,2026-09-02,Not found in PDF. Check manually.
BSOFT,Birlasoft,Environmental,Total Waste Generated,2024.0,MT,19.0,Auto-extracted,keyword_context,0.75,Valid,False,2026-09-02,Method: keyword_context; Keyword: total waste; Within expected range
BSOFT,Birlasoft,Environmental,Waste Recycled Percentage,,%,,Not found,not_found,0.2,Not Found,True,2026-09-02,Not found in PDF. Check manually.
BSOFT,Birlasoft,Social,Total Employees,10882.0,Count,2.0,Auto-extracted,table,0.9,Valid,False,2026-09-02,Method: table; Keyword: permanent employees; Within expected range
BSOFT,Birlasoft,Social,Female Employee Percentage,0.2,%,16.0,Auto-extracted (Needs Review),keyword_context,0.4,Outlier/Suspect,True,2026-09-02,"Very low value, verify manually; Method: keyword_context; Keyword: female employees"
BSOFT,Birlasoft,Social,Employee Turnover Rate,90.0,%,2.0,Auto-extracted,keyword_context,0.75,Valid,False,2026-09-02,Method: keyword_context; Keyword: turnover; Within expected range
BSOFT,Birlasoft,Social,Training Hours per Employee,,Hours,,Not found,not_found,0.2,Not Found,True,2026-09-02,Not found in PDF. Check manually.
BSOFT,Birlasoft,Social,Health and Safety Incidents,2024.0,Count,12.0,Auto-extracted,keyword_context,0.75,Valid,False,2026-09-02,Method: keyword_context; Keyword: safety incidents; Within expected range
BSOFT,Birlasoft,Social,CSR Expenditure,40.0,Crores INR,5.0,Auto-extracted,table,0.9,Valid,False,2026-09-02,Method: table; Keyword: corporate social responsibility; Within expected range
BSOFT,Birlasoft,Governance,Board Size,7.0,Count,3.0,Auto-extracted,keyword_context,0.75,Valid,False,2026-09-02,Method: keyword_context; Keyword: board of directors; Within expected range
BSOFT,Birlasoft,Governance,Independent Directors Percentage,,%,,Not found,not_found,0.2,Not Found,True,2026-09-02,Not found in PDF. Check manually.
BSOFT,Birlasoft,Governance,Female Directors Percentage,,%,,Not found,not_found,0.2,Not Found,True,2026-09-02,Not found in PDF. Check manually.
BSOFT,Birlasoft,Governance,Board Meeting Frequency,6.0,Count,7.0,Auto-extracted,table,0.9,Valid,False,2026-09-02,Method: table; Keyword: board meetings held; Within expected range
BSOFT,Birlasoft,Governance,Audit Committee Size,,Count,,Not found,not_found,0.2,Not Found,True,2026-09-02,Not found in PDF. Check manually.
BSOFT,Birlasoft,Governance,Ethics Policy Violations,16.0,Count,4.0,Auto-extracted,table,0.9,Valid,False,2026-09-02,Method: table; Keyword: complaints; Within expected range
ZENSARTECH,Zensar Technologies,Environmental,Total Energy Consumption,30.0,GWh,15.0,Auto-extracted,keyword_context,0.75,Valid,False,2026-09-02,Method: keyword_context; Keyword: energy consumption; Within expected range
ZENSARTECH,Zensar Technologies,Environmental,Renewable Energy Percentage,90.0,%,15.0,Auto-extracted,keyword_context,0.75,Valid,False,2026-09-02,Method: keyword_context; Keyword: renewable energy; Within expected range
ZENSARTECH,Zensar Technologies,Environmental,Total Water Consumption,,KL,,Not found,not_found,0.2,Not Found,True,2026-09-02,Not found in PDF. Check manually.
ZENSARTECH,Zensar Technologies,Environmental,Water Recycled Percentage,,%,,Not found,not_found,0.2,Not Found,True,2026-09-02,Not found in PDF. Check manually.
ZENSARTECH,Zensar Technologies,Environmental,Total Waste Generated,100.0,MT,7.0,Auto-extracted,keyword_context,0.75,Valid,False,2026-09-02,Method: keyword_context; Keyword: hazardous waste; Within expected range
ZENSARTECH,Zensar Technologies,Environmental,Waste Recycled Percentage,,%,,Not found,not_found,0.2,Not Found,True,2026-09-02,Not found in PDF. Check manually.
ZENSARTECH,Zensar Technologies,Social,Total Employees,727.0,Count,3.0,Auto-extracted,keyword_context,0.75,Valid,False,2026-09-02,Method: keyword_context; Keyword: total employees; Within expected range
ZENSARTECH,Zensar Technologies,Social,Female Employee Percentage,35.0,%,15.0,Auto-extracted,keyword_context,0.75,Valid,False,2026-09-02,Method: keyword_context; Keyword: women employees; Within expected range
ZENSARTECH,Zensar Technologies,Social,Employee Turnover Rate,9.9,%,16.0,Auto-extracted,keyword_context,0.75,Valid,False,2026-09-02,Method: keyword_context; Keyword: attrition; Within expected range
ZENSARTECH,Zensar Technologies,Social,Training Hours per Employee,30.0,Hours,15.0,Auto-extracted,keyword_context,0.75,Valid,False,2026-09-02,Method: keyword_context; Keyword: skill development; Within expected range
ZENSARTECH,Zensar Technologies,Social,Health and Safety Incidents,2024.0,Count,26.0,Auto-extracted,keyword_context,0.75,Valid,False,2026-09-02,Method: keyword_context; Keyword: lost time injury; Within expected range
ZENSARTECH,Zensar Technologies,Social,CSR Expenditure,4.0,Crores INR,5.0,Auto-extracted,keyword_context,0.75,Valid,False,2026-09-02,Method: keyword_context; Keyword: corporate social responsibility; Within expected range
ZENSARTECH,Zensar Technologies,Governance,Board Size,9.0,Count,4.0,Auto-extracted,keyword_context,0.75,Valid,False,2026-09-02,Method: keyword_context; Keyword: board of directors; Within expected range
ZENSARTECH,Zensar Technologies,Governance,Independent Directors Percentage,,%,,Not found,not_found,0.2,Not Found,True,2026-09-02,Not found in PDF. Check manually.
ZENSARTECH,Zensar Technologies,Governance,Female Directors Percentage,,%,,Not found,not_found,0.2,Not Found,True,2026-09-02,Not found in PDF. Check manually.
ZENSARTECH,Zensar Technologies,Governance,Board Meeting Frequency,,Count,,Not found,not_found,0.2,Not Found,True,2026-09-02,Not found in PDF. Check manually.
ZENSARTECH,Zensar Technologies,Governance,Audit Committee Size,,Count,,Not found,not_found,0.2,Not Found,True,2026-09-02,Not found in PDF. Check manually.
ZENSARTECH,Zensar Technologies,Governance,Ethics Policy Violations,23.0,Count,5.0,Auto-extracted,keyword_context,0.75,Valid,False,2026-09-02,Method: keyword_context; Keyword: complaints; Within expected range
TATATECH,Tata Technologies,Environmental,Total Energy Consumption,1.0,GWh,2.0,Auto-extracted,table,0.9,Valid,False,2026-09-02,Method: table; Keyword: energy consumption; Within expected range
TATATECH,Tata Technologies,Environmental,Renewable Energy Percentage,,%,,Not found,not_found,0.2,Not Found,True,2026-09-02,Not found in PDF. Check manually.
TATATECH,Tata Technologies,Environmental,Total Water Consumption,6.0,KL,25.0,Auto-extracted,table,0.9,Valid,False,2026-09-02,Method: table; Keyword: water consumption; Within expected range
TATATECH,Tata Technologies,Environmental,Water Recycled Percentage,,%,,Not found,not_found,0.2,Not Found,True,2026-09-02,Not found in PDF. Check manually.
TATATECH,Tata Technologies,Environmental,Total Waste Generated,6.0,MT,25.0,Auto-extracted,table,0.9,Valid,False,2026-09-02,Method: table; Keyword: waste generated; Within expected range
TATATECH,Tata Technologies,Environmental,Waste Recycled Percentage,,%,,Not found,not_found,0.2,Not Found,True,2026-09-02,Not found in PDF. Check manually.
TATATECH,Tata Technologies,Social,Total Employees,717.0,Count,3.0,Auto-extracted,keyword_context,0.75,Valid,False,2026-09-02,Method: keyword_context; Keyword: total employees; Within expected range
TATATECH,Tata Technologies,Social,Female Employee Percentage,,%,,Not found,not_found,0.2,Not Found,True,2026-09-02,Not found in PDF. Check manually.
TATATECH,Tata Technologies,Social,Employee Turnover Rate,31.4,%,3.0,Auto-extracted,keyword_context,0.75,Valid,False,2026-09-02,Method: keyword_context; Keyword: turnover; Within expected range
TATATECH,Tata Technologies,Social,Training Hours per Employee,,Hours,,Not found,not_found,0.2,Not Found,True,2026-09-02,Not found in PDF. Check manually.
TATATECH,Tata Technologies,Social,Health and Safety Incidents,3.0,Count,25.0,Auto-extracted,table,0.9,Valid,False,2026-09-02,Method: table; Keyword: lost time injury; Within expected range
TATATECH,Tata Technologies,Social,CSR Expenditure,,Crores INR,,Not found,not_found,0.2,Not Found,True,2026-09-02,Not found in PDF. Check manually.
TATATECH,Tata Technologies,Governance,Board Size,7.0,Count,3.0,Auto-extracted,keyword_context,0.75,Valid,False,2026-09-02,Method: keyword_context; Keyword: board of directors; Within expected range
TATATECH,Tata Technologies,Governance,Independent Directors Percentage,,%,,Not found,not_found,0.2,Not Found,True,2026-09-02,Not found in PDF. Check manually.
TATATECH,Tata Technologies,Governance,Female Directors Percentage,,%,,Not found,not_found,0.2,Not Found,True,2026-09-02,Not found in PDF. Check manually.
TATATECH,Tata Technologies,Governance,Board Meeting Frequency,,Count,,Not found,not_found,0.2,Not Found,True,2026-09-02,Not found in PDF. Check manually.
TATATECH,Tata Technologies,Governance,Audit Committee Size,,Count,,Not found,not_found,0.2,Not Found,True,2026-09-02,Not found in PDF. Check manually.
TATATECH,Tata Technologies,Governance,Ethics Policy Violations,5.0,Count,25.0,Auto-extracted,table,0.9,Valid,False,2026-09-02,Method: table; Keyword: complaints; Within expected range
HAPPSTMNDS,Happiest Minds Technologies,Environmental,Total Energy Consumption,1.0,GWh,30.0,Auto-extracted,keyword_context,0.75,Valid,False,2026-09-02,Method: keyword_context; Keyword: total energy; Within expected range
HAPPSTMNDS,Happiest Minds Technologies,Environmental,Renewable Energy Percentage,12.13,%,14.0,Auto-extracted,keyword_context,0.75,Valid,False,2026-09-02,Method: keyword_context; Keyword: solar; Within expected range
HAPPSTMNDS,Happiest Minds Technologies,Environmental,Total Water Consumption,2030.0,KL,7.0,Auto-extracted,keyword_context,0.75,Valid,False,2026-09-02,Method: keyword_context; Keyword: water consumption; Within expected range
HAPPSTMNDS,Happiest Minds Technologies,Environmental,Water Recycled Percentage,,%,,Not found,not_found,0.2,Not Found,True,2026-09-02,Not found in PDF. Check manually.
HAPPSTMNDS,Happiest Minds Technologies,Environmental,Total Waste Generated,5.0,MT,19.0,Auto-extracted,keyword_context,0.75,Valid,False,2026-09-02,Method: keyword_context; Keyword: hazardous waste; Within expected range
HAPPSTMNDS,Happiest Minds Technologies,Environmental,Waste Recycled Percentage,,%,,Not found,not_found,0.2,Not Found,True,2026-09-02,Not found in PDF. Check manually.
HAPPSTMNDS,Happiest Minds Technologies,Social,Total Employees,212.0,Count,4.0,Auto-extracted,keyword_context,0.75,Valid,False,2026-09-02,Method: keyword_context; Keyword: total employees; Within expected range
HAPPSTMNDS,Happiest Minds Technologies,Social,Female Employee Percentage,,%,,Not found,not_found,0.2,Not Found,True,2026-09-02,Not found in PDF. Check manually.
HAPPSTMNDS,Happiest Minds Technologies,Social,Employee Turnover Rate,90.0,%,3.0,Auto-extracted,keyword_context,0.75,Valid,False,2026-09-02,Method: keyword_context; Keyword: turnover; Within expected range
HAPPSTMNDS,Happiest Minds Technologies,Social,Training Hours per Employee,,Hours,,Not found,not_found,0.2,Not Found,True,2026-09-02,Not found in PDF. Check manually.
HAPPSTMNDS,Happiest Minds Technologies,Social,Health and Safety Incidents,2025.0,Count,23.0,Auto-extracted,keyword_context,0.75,Valid,False,2026-09-02,Method: keyword_context; Keyword: lost time injury; Within expected range
HAPPSTMNDS,Happiest Minds Technologies,Social,CSR Expenditure,,Crores INR,,Not found,not_found,0.2,Not Found,True,2026-09-02,Not found in PDF. Check manually.
HAPPSTMNDS,Happiest Minds Technologies,Governance,Board Size,8.0,Count,4.0,Auto-extracted,keyword_context,0.75,Valid,False,2026-09-02,Method: keyword_context; Keyword: board of directors; Within expected range
HAPPSTMNDS,Happiest Minds Technologies,Governance,Independent Directors Percentage,,%,,Not found,not_found,0.2,Not Found,True,2026-09-02,Not found in PDF. Check manually.
HAPPSTMNDS,Happiest Minds Technologies,Governance,Female Directors Percentage,,%,,Not found,not_found,0.2,Not Found,True,2026-09-02,Not found in PDF. Check manually.
HAPPSTMNDS,Happiest Minds Technologies,Governance,Board Meeting Frequency,,Count,,Not found,not_found,0.2,Not Found,True,2026-09-02,Not found in PDF. Check manually.
HAPPSTMNDS,Happiest Minds Technologies,Governance,Audit Committee Size,,Count,,Not found,not_found,0.2,Not Found,True,2026-09-02,Not found in PDF. Check manually.
HAPPSTMNDS,Happiest Minds Technologies,Governance,Ethics Policy Violations,25.0,Count,5.0,Auto-extracted,keyword_context,0.75,Valid,False,2026-09-02,Method: keyword_context; Keyword: complaints; Within expected range
SONATSOFTW,Sonata Software,Environmental,Total Energy Consumption,2025.0,GWh,26.0,Auto-extracted,table,0.9,Valid,False,2026-09-02,Method: table; Keyword: total energy; Within expected range
SONATSOFTW,Sonata Software,Environmental,Renewable Energy Percentage,,%,,Not found,not_found,0.2,Not Found,True,2026-09-02,Not found in PDF. Check manually.
SONATSOFTW,Sonata Software,Environmental,Total Water Consumption,3.0,KL,27.0,Auto-extracted,table,0.9,Valid,False,2026-09-02,Method: table; Keyword: total water; Within expected range
SONATSOFTW,Sonata Software,Environmental,Water Recycled Percentage,,%,,Not found,not_found,0.2,Not Found,True,2026-09-02,Not found in PDF. Check manually.
SONATSOFTW,Sonata Software,Environmental,Total Waste Generated,51.0,MT,15.0,Auto-extracted,table,0.9,Valid,False,2026-09-02,Method: table; Keyword: hazardous waste; Within expected range
SONATSOFTW,Sonata Software,Environmental,Waste Recycled Percentage,51.0,%,15.0,Auto-extracted,table,0.9,Valid,False,2026-09-02,Method: table; Keyword: recycling; Within expected range
SONATSOFTW,Sonata Software,Social,Total Employees,20.0,Count,3.0,Auto-extracted (Needs Review),table,0.55,Outlier/Suspect,True,2026-09-02,Outside expected bounds 100-10000000; Method: table; Keyword: total employees
SONATSOFTW,Sonata Software,Social,Female Employee Percentage,1.1,%,10.0,Auto-extracted (Needs Review),table,0.55,Outlier/Suspect,True,2026-09-02,"Very low value, verify manually; Method: table; Keyword: gender diversity"
SONATSOFTW,Sonata Software,Social,Employee Turnover Rate,40.0,%,2.0,Auto-extracted,table,0.9,Valid,False,2026-09-02,Method: table; Keyword: turnover; Within expected range
SONATSOFTW,Sonata Software,Social,Training Hours per Employee,,Hours,,Not found,not_found,0.2,Not Found,True,2026-09-02,Not found in PDF. Check manually.
SONATSOFTW,Sonata Software,Social,Health and Safety Incidents,10.0,Count,19.0,Auto-extracted,table,0.9,Valid,False,2026-09-02,Method: table; Keyword: lost time injury; Within expected range
SONATSOFTW,Sonata Software,Social,CSR Expenditure,1.0,Crores INR,10.0,Auto-extracted,table,0.9,Valid,False,2026-09-02,Method: table; Keyword: corporate social responsibility; Within expected range
SONATSOFTW,Sonata Software,Governance,Board Size,20.0,Count,3.0,Auto-extracted,table,0.9,Valid,False,2026-09-02,Method: table; Keyword: board of directors; Within expected range
SONATSOFTW,Sonata Software,Governance,Independent Directors Percentage,100.0,%,12.0,Auto-extracted,table,0.9,Valid,False,2026-09-02,Method: table; Keyword: independent directors; Within expected range
SONATSOFTW,Sonata Software,Governance,Female Directors Percentage,,%,,Not found,not_found,0.2,Not Found,True,2026-09-02,Not found in PDF. Check manually.
SONATSOFTW,Sonata Software,Governance,Board Meeting Frequency,,Count,,Not found,not_found,0.2,Not Found,True,2026-09-02,Not found in PDF. Check manually.
SONATSOFTW,Sonata Software,Governance,Audit Committee Size,,Count,,Not found,not_found,0.2,Not Found,True,2026-09-02,Not found in PDF. Check manually.
SONATSOFTW,Sonata Software,Governance,Ethics Policy Violations,22.0,Count,4.0,Auto-extracted,table,0.9,Valid,False,2026-09-02,Method: table; Keyword: complaints; Within expected range
HEXAWARE,Hexaware Technologies,Environmental,Total Energy Consumption,59.0,GWh,15.0,Auto-extracted,keyword_context,0.75,Valid,False,2026-09-02,Method: keyword_context; Keyword: total energy; Within expected range
HEXAWARE,Hexaware Technologies,Environmental,Renewable Energy Percentage,83.0,%,4.0,Auto-extracted,keyword_context,0.75,Valid,False,2026-09-02,Method: keyword_context; Keyword: renewable energy; Within expected range
HEXAWARE,Hexaware Technologies,Environmental,Total Water Consumption,,KL,,Not found,not_found,0.2,Not Found,True,2026-09-02,Not found in PDF. Check manually.
HEXAWARE,Hexaware Technologies,Environmental,Water Recycled Percentage,,%,,Not found,not_found,0.2,Not Found,True,2026-09-02,Not found in PDF. Check manually.
HEXAWARE,Hexaware Technologies,Environmental,Total Waste Generated,,MT,,Not found,not_found,0.2,Not Found,True,2026-09-02,Not found in PDF. Check manually.
HEXAWARE,Hexaware Technologies,Environmental,Waste Recycled Percentage,,%,,Not found,not_found,0.2,Not Found,True,2026-09-02,Not found in PDF. Check manually.
HEXAWARE,Hexaware Technologies,Social,Total Employees,187.0,Count,4.0,Auto-extracted,keyword_context,0.75,Valid,False,2026-09-02,Method: keyword_context; Keyword: workforce; Within expected range
HEXAWARE,Hexaware Technologies,Social,Female Employee Percentage,,%,,Not found,not_found,0.2,Not Found,True,2026-09-02,Not found in PDF. Check manually.
HEXAWARE,Hexaware Technologies,Social,Employee Turnover Rate,11.0,%,12.0,Auto-extracted,keyword_context,0.75,Valid,False,2026-09-02,Method: keyword_context; Keyword: attrition; Within expected range
HEXAWARE,Hexaware Technologies,Social,Training Hours per Employee,21222.0,Hours,4.0,Auto-extracted (Needs Review),keyword_context,0.4,Outlier/Suspect,True,2026-09-02,Outside expected bounds 0-1000; Method: keyword_context; Keyword: training hours
HEXAWARE,Hexaware Technologies,Social,Health and Safety Incidents,,Count,,Not found,not_found,0.2,Not Found,True,2026-09-02,Not found in PDF. Check manually.
HEXAWARE,Hexaware Technologies,Social,CSR Expenditure,34.3,Crores INR,4.0,Auto-extracted,keyword_context,0.75,Valid,False,2026-09-02,Method: keyword_context; Keyword: csr spent; Within expected range
HEXAWARE,Hexaware Technologies,Governance,Board Size,,Count,,Not found,not_found,0.2,Not Found,True,2026-09-02,Not found in PDF. Check manually.
HEXAWARE,Hexaware Technologies,Governance,Independent Directors Percentage,,%,,Not found,not_found,0.2,Not Found,True,2026-09-02,Not found in PDF. Check manually.
HEXAWARE,Hexaware Technologies,Governance,Female Directors Percentage,,%,,Not found,not_found,0.2,Not Found,True,2026-09-02,Not found in PDF. Check manually.
HEXAWARE,Hexaware Technologies,Governance,Board Meeting Frequency,,Count,,Not found,not_found,0.2,Not Found,True,2026-09-02,Not found in PDF. Check manually.
HEXAWARE,Hexaware Technologies,Governance,Audit Committee Size,,Count,,Not found,not_found,0.2,Not Found,True,2026-09-02,Not found in PDF. Check manually.
HEXAWARE,Hexaware Technologies,Governance,Ethics Policy Violations,,Count,,Not found,not_found,0.2,Not Found,True,2026-09-02,Not found in PDF. Check manually.
